{
  "Tarot": [
        {"name":"Empress","location":"../cardfaces/Empress.jpg","description":"","link":"http://www"},
        {"name":"Fool","location":"../cardfaces/Fool.jpg","description":"","link":"http://www"},
        {"name":"Emperor","location":"../cardfaces/Emperor.jpg","description":"","link":"http://www"},
        {"name":"Death_Card","location":"../cardfaces/Death_Card.jpg","description":"","link":"http://www"},
        {"name":"Devil","location":"../cardfaces/Devil.jpg","description":"","link":"http://www"},
        {"name":"Priestess","location":"../cardfaces/Priestess.jpg","description":"","link":"http://www"},
        {"name":"Priest","location":"../cardfaces/Priest.jpg","description":"","link":"http://www"},
        {"name":"Wizard","location":"../cardfaces/Wizard.jpg","description":"","link":"http://www"},
        {"name":"Ace_of_Pentacles","location":"../cardfaces/Ace_of_Penticles.jpg.jpg","description":"","link":"http://www"},
        {"name":"Two_of_Pentacles","location":"../cardfaces/Two_of_Penticles.jpg.jpg","description":"","link":"http://www"},
        {"name":"Three_of_Pentacles","location":"../cardfaces/Three_of_Penticles.jpg","description":"","link":"http://www"},
        {"name":"Four_of_Pentacles","location":"../cardfaces/Four_of_Penticles.jpg","description":"","link":"http://www"},
        {"name": "Five_of_Pentacles","location":"../cardfaces/Five_of_Penticles.jpg","description":"","link":"http://www"},
        {"name": "Six_of_Pentacles","location":"../cardfaces/Six_of_Penticles.jpg","description":"","link":"http://www"},
        {"name": "Seven_of_Pentacles","location":"../cardfaces/Seven_of_Penticles.jpg","description":"","link":"http://www"},
        {"name":"Eight_of_Pentacles","location":"../cardfaces/Eight_of_Penticles.jpg","description":"","link":"http://www"},
        {"name":"Nine_of_Pentacles","location":"../cardfaces/Nine_of_Penticles.jpg","description":"","link":"http://www"},
        {"name": "Ten_of_Pentacles","location":"../cardfaces/Ten_of_Penticles.jpg","description":"","link":"http://www"},
        {"name": "Page_of_Pentacles","location":"../cardfaces/Page_of_Penticles.jpg","description":"","link":"http://www"},
        {"name": "Knight_of_Pentacles","location":"../cardfaces/Knight_of_Penticles.jpg","description":"","link":"http://www"},
        {"name": "Queen_of_Pentacles","location":"../cardfaces/Queen_of_Penticles.jpg","description":"","link":"http://www"},
        {"name": "King_of_Pentacles","location":"../cardfaces/King_of_Penticles.jpg","description":"","link":"http://www"},
        {"name":"Ace_of_Swords","location":"../cardfaces/Ace_of_Swords.jpg","description":"","link":"http://www"},
        {"name":"Two_of_Swords","location":"../cardfaces/Two_of_Swords.jpg","description":"","link":"http://www"},
        {"name":"Three_of_Swords","location":"../cardfaces/Three_of_Swords.jpg","description":"","link":"http://www"},
        {"name":"Four_of_Swords","location":"../cardfaces/Four_of_Swords.jpg","description":"","link":"http://www"},
        {"name":"Five_of_Swords","location":"../cardfaces/Five_of_Swords.jpg","description":"","link":"http://www"},
        {"name":"Six_of_Swords","location":"../cardfaces/Six_of_Swords.jpg","description":"","link":"http://www"},
        {"name":"Seven_of_Swords","location":"../cardfaces/Seven_of_Swords.jpg","description":"","link":"http://www"},
        {"name":"Eight_of_Swords","location":"../cardfaces/Eight_of_Swords.jpg","description":"","link":"http://www"},
        {"name":"Nine_of_Swords","location":"../cardfaces/Nine_of_Swords.jpg","description":"","link":"http://www"},
        {"name": "Ten_of_Swords","location":"../cardfaces/Ten_of_Swords.jpg","description":"","link":"http://www"},
        {"name": "Page_of_Swords","location":"../cardfaces/Page_of_Swords.jpg","description":"","link":"http://www"},
        {"name": "Knight_of_Swords","location":"../cardfaces/Knight_of_Swords.jpg","description":"","link":"http://www"},
        {"name": "Queen_of_Swords","location":"../cardfaces/Queen_of_Swords","description":"","link":"http://www"},
        {"name": "King_of_Swords","location":"../cardfaces/King_of_Swords.jpg","description":"","link":"http://www"}
  ]
}
